{
  "mc": {
    "loss": [
      2.4202845096588135,
      1.759552001953125,
      1.730867862701416,
      1.3425657749176025,
      1.254227638244629,
      2.763808488845825,
      0.9754903316497803,
      1.5813134908676147,
      2.0896525382995605,
      2.540276527404785,
      2.545001983642578,
      0.7429333925247192,
      1.7433953285217285,
      1.3820842504501343,
      1.4060823917388916,
      1.6535608768463135,
      2.022320032119751,
      1.9306620359420776,
      1.9259135723114014,
      2.3502197265625,
      1.2873667478561401,
      1.370164394378662,
      1.133242130279541,
      1.0192744731903076,
      1.3578147888183594,
      1.2980303764343262,
      0.6829620599746704,
      2.4537010192871094,
      0.8901220560073853,
      1.8192481994628906,
      0.7398627400398254,
      1.7633235454559326,
      1.198177456855774,
      1.6220052242279053,
      0.9995894432067871,
      1.4524505138397217,
      0.8737340569496155,
      0.9769214391708374,
      1.5664582252502441,
      1.1181594133377075,
      1.2737549543380737,
      1.6207630634307861,
      0.5288715362548828,
      1.2966266870498657,
      1.7638177871704102,
      1.2372266054153442,
      0.8401952385902405,
      1.3059594631195068,
      1.8382885456085205,
      1.2214633226394653
    ],
    "margin": [
      2.1819581985473633,
      1.560833215713501,
      1.721163272857666,
      1.045025110244751,
      1.1411190032958984,
      2.754042863845825,
      0.9188496470451355,
      1.4259446859359741,
      2.0799479484558105,
      2.530571937561035,
      2.4867453575134277,
      0.3258565664291382,
      1.656957745552063,
      1.2526849508285522,
      0.9716153144836426,
      1.6437952518463135,
      2.0003349781036377,
      1.738722562789917,
      1.9160869121551514,
      2.0837011337280273,
      1.020296335220337,
      1.3525874614715576,
      0.8227081894874573,
      0.8062078952789307,
      1.32363760471344,
      0.8883333206176758,
      0.3647518455982208,
      2.4438743591308594,
      0.7407801747322083,
      1.8034679889678955,
      0.552600622177124,
      1.5472244024276733,
      1.1575770378112793,
      1.5563820600509644,
      0.5199933648109436,
      0.7023267149925232,
      0.3888086676597595,
      0.9177099466323853,
      1.4810280799865723,
      1.08181893825531,
      1.2073626518249512,
      1.369260311126709,
      0.4256719648838043,
      0.9846035838127136,
      1.5078918933868408,
      1.2273389101028442,
      0.6277803182601929,
      1.0107625722885132,
      1.8014683723449707,
      1.2004445791244507
    ],
    "accuracy": [
      0.125,
      0.625,
      0.375,
      0.5,
      0.375,
      0.125,
      0.375,
      0.5,
      0.375,
      0.375,
      0.375,
      0.625,
      0.5,
      0.375,
      0.5,
      0.25,
      0.375,
      0.375,
      0.25,
      0.25,
      0.5,
      0.25,
      0.5,
      0.375,
      0.5,
      0.5,
      0.5,
      0.125,
      0.5,
      0.375,
      0.625,
      0.5,
      0.25,
      0.25,
      0.375,
      0.5,
      0.5,
      0.5,
      0.25,
      0.625,
      0.5,
      0.25,
      0.875,
      0.375,
      0.375,
      0.25,
      0.625,
      0.625,
      0.25,
      0.5
    ]
  },
  "gen": {
    "loss": [
      4.829251289367676,
      2.801111936569214,
      4.405224323272705,
      2.477226734161377,
      2.3551790714263916,
      3.2633817195892334,
      4.14885139465332,
      1.840235710144043,
      2.6915347576141357,
      2.594890594482422,
      2.1559128761291504,
      5.258650779724121,
      2.535684585571289,
      3.6561360359191895,
      2.5174221992492676,
      3.9754319190979004,
      3.5266408920288086,
      2.737652063369751,
      4.015706539154053,
      2.7891547679901123,
      3.9010939598083496,
      3.4994635581970215,
      3.9745569229125977,
      4.583812713623047,
      6.270227432250977,
      3.99910306930542,
      3.344940662384033,
      2.4962806701660156,
      2.638108730316162,
      3.493330955505371,
      3.501622200012207,
      2.580038547515869,
      2.9854774475097656,
      3.427459239959717,
      3.75803542137146,
      3.009434700012207,
      2.6748712062835693,
      2.0064291954040527,
      2.218991279602051,
      2.88081955909729
    ]
  }
}